[{"timestamp":"2025-05-01T07:47:48.697Z","type":"http","data":{"status_code":0.0,"method":"GET","url":"http://192.168.10.198/api/manager/system/ping?id=6644a5c402f173b6441f84d5"},"category":"xhr","level":"info"},{"timestamp":"2025-05-01T07:47:48.699Z","type":"http","data":{"status_code":0.0,"method":"GET","url":"http://homey-6644a5c402f173b6441f84d5.local/api/manager/system/ping?id=6644a5c402f173b6441f84d5"},"category":"xhr","level":"info"},{"timestamp":"2025-05-01T07:47:49.896Z","type":"http","data":{"status_code":0.0,"method":"GET","url":"https://192-168-10-198.homey.homeylocal.com/api/manager/system/ping?id=6644a5c402f173b6441f84d5"},"category":"xhr","level":"info"},{"timestamp":"2025-05-01T07:47:53.694Z","type":"http","data":{"status_code":0.0,"method":"GET","url":"https://6644a5c402f173b6441f84d5.homey.athom-prod-euwest1-001.homeypro.net/api/manager/system/ping?id=6644a5c402f173b6441f84d5"},"category":"xhr","level":"info"},{"timestamp":"2025-05-01T07:47:58.728Z","type":"http","data":{"status_code":0.0,"method":"GET","url":"http://homey-6644a5c402f173b6441f84d5.local/api/manager/system/ping?id=6644a5c402f173b6441f84d5"},"category":"xhr","level":"info"},{"timestamp":"2025-05-01T07:47:59.732Z","type":"http","data":{"status_code":0.0,"method":"GET","url":"http://192.168.10.198/api/manager/system/ping?id=6644a5c402f173b6441f84d5"},"category":"xhr","level":"info"},{"timestamp":"2025-05-01T07:47:59.928Z","type":"http","data":{"status_code":0.0,"method":"GET","url":"https://192-168-10-198.homey.homeylocal.com/api/manager/system/ping?id=6644a5c402f173b6441f84d5"},"category":"xhr","level":"info"},{"timestamp":"2025-05-01T07:48:03.725Z","type":"http","data":{"status_code":0.0,"method":"GET","url":"https://6644a5c402f173b6441f84d5.homey.athom-prod-euwest1-001.homeypro.net/api/manager/system/ping?id=6644a5c402f173b6441f84d5"},"category":"xhr","level":"info"},{"timestamp":"2025-05-01T07:48:08.763Z","type":"http","data":{"status_code":0.0,"method":"GET","url":"http://homey-6644a5c402f173b6441f84d5.local/api/manager/system/ping?id=6644a5c402f173b6441f84d5"},"category":"xhr","level":"info"},{"timestamp":"2025-05-01T07:48:08.765Z","type":"http","data":{"status_code":0.0,"method":"GET","url":"http://192.168.10.198/api/manager/system/ping?id=6644a5c402f173b6441f84d5"},"category":"xhr","level":"info"},{"timestamp":"2025-05-01T07:48:09.963Z","type":"http","data":{"status_code":0.0,"method":"GET","url":"https://192-168-10-198.homey.homeylocal.com/api/manager/system/ping?id=6644a5c402f173b6441f84d5"},"category":"xhr","level":"info"},{"timestamp":"2025-05-01T07:48:13.760Z","type":"http","data":{"status_code":0.0,"method":"GET","url":"https://6644a5c402f173b6441f84d5.homey.athom-prod-euwest1-001.homeypro.net/api/manager/system/ping?id=6644a5c402f173b6441f84d5"},"category":"xhr","level":"info"},{"timestamp":"2025-05-01T07:48:18.777Z","type":"http","data":{"status_code":0.0,"method":"GET","url":"http://homey-6644a5c402f173b6441f84d5.local/api/manager/system/ping?id=6644a5c402f173b6441f84d5"},"category":"xhr","level":"info"},{"timestamp":"2025-05-01T07:48:18.779Z","type":"http","data":{"status_code":0.0,"method":"GET","url":"http://192.168.10.198/api/manager/system/ping?id=6644a5c402f173b6441f84d5"},"category":"xhr","level":"info"},{"timestamp":"2025-05-01T07:48:19.993Z","type":"http","data":{"status_code":0.0,"method":"GET","url":"https://192-168-10-198.homey.homeylocal.com/api/manager/system/ping?id=6644a5c402f173b6441f84d5"},"category":"xhr","level":"info"},{"timestamp":"2025-05-01T07:48:23.792Z","type":"http","data":{"status_code":0.0,"method":"GET","url":"https://6644a5c402f173b6441f84d5.homey.athom-prod-euwest1-001.homeypro.net/api/manager/system/ping?id=6644a5c402f173b6441f84d5"},"category":"xhr","level":"info"},{"timestamp":"2025-05-01T07:48:28.823Z","type":"http","data":{"status_code":0.0,"method":"GET","url":"http://homey-6644a5c402f173b6441f84d5.local/api/manager/system/ping?id=6644a5c402f173b6441f84d5"},"category":"xhr","level":"info"},{"timestamp":"2025-05-01T07:48:29.827Z","type":"http","data":{"status_code":0.0,"method":"GET","url":"http://192.168.10.198/api/manager/system/ping?id=6644a5c402f173b6441f84d5"},"category":"xhr","level":"info"},{"timestamp":"2025-05-01T07:48:30.025Z","type":"http","data":{"status_code":0.0,"method":"GET","url":"https://192-168-10-198.homey.homeylocal.com/api/manager/system/ping?id=6644a5c402f173b6441f84d5"},"category":"xhr","level":"info"},{"timestamp":"2025-05-01T07:48:33.828Z","type":"http","data":{"status_code":0.0,"method":"GET","url":"https://6644a5c402f173b6441f84d5.homey.athom-prod-euwest1-001.homeypro.net/api/manager/system/ping?id=6644a5c402f173b6441f84d5"},"category":"xhr","level":"info"},{"timestamp":"2025-05-01T07:48:38.862Z","type":"http","data":{"status_code":0.0,"method":"GET","url":"http://192.168.10.198/api/manager/system/ping?id=6644a5c402f173b6441f84d5"},"category":"xhr","level":"info"},{"timestamp":"2025-05-01T07:48:38.863Z","type":"http","data":{"status_code":0.0,"method":"GET","url":"http://homey-6644a5c402f173b6441f84d5.local/api/manager/system/ping?id=6644a5c402f173b6441f84d5"},"category":"xhr","level":"info"},{"timestamp":"2025-05-01T07:48:40.062Z","type":"http","data":{"status_code":0.0,"method":"GET","url":"https://192-168-10-198.homey.homeylocal.com/api/manager/system/ping?id=6644a5c402f173b6441f84d5"},"category":"xhr","level":"info"},{"timestamp":"2025-05-01T07:48:43.860Z","type":"http","data":{"status_code":0.0,"method":"GET","url":"https://6644a5c402f173b6441f84d5.homey.athom-prod-euwest1-001.homeypro.net/api/manager/system/ping?id=6644a5c402f173b6441f84d5"},"category":"xhr","level":"info"},{"timestamp":"2025-05-01T07:48:48.888Z","type":"http","data":{"status_code":0.0,"method":"GET","url":"http://homey-6644a5c402f173b6441f84d5.local/api/manager/system/ping?id=6644a5c402f173b6441f84d5"},"category":"xhr","level":"info"},{"timestamp":"2025-05-01T07:48:48.894Z","type":"http","data":{"status_code":0.0,"method":"GET","url":"http://192.168.10.198/api/manager/system/ping?id=6644a5c402f173b6441f84d5"},"category":"xhr","level":"info"},{"timestamp":"2025-05-01T07:48:50.091Z","type":"http","data":{"status_code":0.0,"method":"GET","url":"https://192-168-10-198.homey.homeylocal.com/api/manager/system/ping?id=6644a5c402f173b6441f84d5"},"category":"xhr","level":"info"},{"timestamp":"2025-05-01T07:48:53.893Z","type":"http","data":{"status_code":0.0,"method":"GET","url":"https://6644a5c402f173b6441f84d5.homey.athom-prod-euwest1-001.homeypro.net/api/manager/system/ping?id=6644a5c402f173b6441f84d5"},"category":"xhr","level":"info"},{"timestamp":"2025-05-01T07:48:58.926Z","type":"http","data":{"status_code":0.0,"method":"GET","url":"http://homey-6644a5c402f173b6441f84d5.local/api/manager/system/ping?id=6644a5c402f173b6441f84d5"},"category":"xhr","level":"info"},{"timestamp":"2025-05-01T07:48:59.929Z","type":"http","data":{"status_code":0.0,"method":"GET","url":"http://192.168.10.198/api/manager/system/ping?id=6644a5c402f173b6441f84d5"},"category":"xhr","level":"info"},{"timestamp":"2025-05-01T07:49:00.129Z","type":"http","data":{"status_code":0.0,"method":"GET","url":"https://192-168-10-198.homey.homeylocal.com/api/manager/system/ping?id=6644a5c402f173b6441f84d5"},"category":"xhr","level":"info"},{"timestamp":"2025-05-01T07:49:03.929Z","type":"http","data":{"status_code":0.0,"method":"GET","url":"https://6644a5c402f173b6441f84d5.homey.athom-prod-euwest1-001.homeypro.net/api/manager/system/ping?id=6644a5c402f173b6441f84d5"},"category":"xhr","level":"info"},{"timestamp":"2025-05-01T07:49:08.959Z","type":"http","data":{"status_code":0.0,"method":"GET","url":"http://homey-6644a5c402f173b6441f84d5.local/api/manager/system/ping?id=6644a5c402f173b6441f84d5"},"category":"xhr","level":"info"},{"timestamp":"2025-05-01T07:49:08.962Z","type":"http","data":{"status_code":0.0,"method":"GET","url":"http://192.168.10.198/api/manager/system/ping?id=6644a5c402f173b6441f84d5"},"category":"xhr","level":"info"},{"timestamp":"2025-05-01T07:49:10.162Z","type":"http","data":{"status_code":0.0,"method":"GET","url":"https://192-168-10-198.homey.homeylocal.com/api/manager/system/ping?id=6644a5c402f173b6441f84d5"},"category":"xhr","level":"info"},{"timestamp":"2025-05-01T07:49:13.960Z","type":"http","data":{"status_code":0.0,"method":"GET","url":"https://6644a5c402f173b6441f84d5.homey.athom-prod-euwest1-001.homeypro.net/api/manager/system/ping?id=6644a5c402f173b6441f84d5"},"category":"xhr","level":"info"},{"timestamp":"2025-05-01T07:49:18.997Z","type":"http","data":{"status_code":0.0,"method":"GET","url":"http://homey-6644a5c402f173b6441f84d5.local/api/manager/system/ping?id=6644a5c402f173b6441f84d5"},"category":"xhr","level":"info"},{"timestamp":"2025-05-01T07:49:18.998Z","type":"http","data":{"status_code":0.0,"method":"GET","url":"http://192.168.10.198/api/manager/system/ping?id=6644a5c402f173b6441f84d5"},"category":"xhr","level":"info"},{"timestamp":"2025-05-01T07:49:19.000Z","type":"http","data":{"status_code":0.0,"method":"GET","url":"https://192-168-10-198.homey.homeylocal.com/api/manager/system/ping?id=6644a5c402f173b6441f84d5"},"category":"xhr","level":"info"},{"timestamp":"2025-05-01T07:49:23.992Z","type":"http","data":{"status_code":0.0,"method":"GET","url":"https://6644a5c402f173b6441f84d5.homey.athom-prod-euwest1-001.homeypro.net/api/manager/system/ping?id=6644a5c402f173b6441f84d5"},"category":"xhr","level":"info"},{"timestamp":"2025-05-01T07:49:29.030Z","type":"http","data":{"status_code":0.0,"method":"GET","url":"http://homey-6644a5c402f173b6441f84d5.local/api/manager/system/ping?id=6644a5c402f173b6441f84d5"},"category":"xhr","level":"info"},{"timestamp":"2025-05-01T07:49:30.027Z","type":"http","data":{"status_code":0.0,"method":"GET","url":"http://192.168.10.198/api/manager/system/ping?id=6644a5c402f173b6441f84d5"},"category":"xhr","level":"info"},{"timestamp":"2025-05-01T07:49:30.227Z","type":"http","data":{"status_code":0.0,"method":"GET","url":"https://192-168-10-198.homey.homeylocal.com/api/manager/system/ping?id=6644a5c402f173b6441f84d5"},"category":"xhr","level":"info"},{"timestamp":"2025-05-01T07:49:34.025Z","type":"http","data":{"status_code":0.0,"method":"GET","url":"https://6644a5c402f173b6441f84d5.homey.athom-prod-euwest1-001.homeypro.net/api/manager/system/ping?id=6644a5c402f173b6441f84d5"},"category":"xhr","level":"info"},{"timestamp":"2025-05-01T07:49:39.064Z","type":"http","data":{"status_code":0.0,"method":"GET","url":"http://homey-6644a5c402f173b6441f84d5.local/api/manager/system/ping?id=6644a5c402f173b6441f84d5"},"category":"xhr","level":"info"},{"timestamp":"2025-05-01T07:49:39.066Z","type":"http","data":{"status_code":0.0,"method":"GET","url":"https://192-168-10-198.homey.homeylocal.com/api/manager/system/ping?id=6644a5c402f173b6441f84d5"},"category":"xhr","level":"info"},{"timestamp":"2025-05-01T07:49:39.068Z","type":"http","data":{"status_code":0.0,"method":"GET","url":"http://192.168.10.198/api/manager/system/ping?id=6644a5c402f173b6441f84d5"},"category":"xhr","level":"info"},{"timestamp":"2025-05-01T07:49:44.060Z","type":"http","data":{"status_code":0.0,"method":"GET","url":"https://6644a5c402f173b6441f84d5.homey.athom-prod-euwest1-001.homeypro.net/api/manager/system/ping?id=6644a5c402f173b6441f84d5"},"category":"xhr","level":"info"},{"timestamp":"2025-05-01T07:49:49.093Z","type":"http","data":{"status_code":0.0,"method":"GET","url":"http://192.168.10.198/api/manager/system/ping?id=6644a5c402f173b6441f84d5"},"category":"xhr","level":"info"},{"timestamp":"2025-05-01T07:49:49.094Z","type":"http","data":{"status_code":0.0,"method":"GET","url":"http://homey-6644a5c402f173b6441f84d5.local/api/manager/system/ping?id=6644a5c402f173b6441f84d5"},"category":"xhr","level":"info"},{"timestamp":"2025-05-01T07:49:50.295Z","type":"http","data":{"status_code":0.0,"method":"GET","url":"https://192-168-10-198.homey.homeylocal.com/api/manager/system/ping?id=6644a5c402f173b6441f84d5"},"category":"xhr","level":"info"},{"timestamp":"2025-05-01T07:49:54.103Z","type":"http","data":{"status_code":0.0,"method":"GET","url":"https://6644a5c402f173b6441f84d5.homey.athom-prod-euwest1-001.homeypro.net/api/manager/system/ping?id=6644a5c402f173b6441f84d5"},"category":"xhr","level":"info"},{"timestamp":"2025-05-01T07:49:59.145Z","type":"http","data":{"status_code":0.0,"method":"GET","url":"http://homey-6644a5c402f173b6441f84d5.local/api/manager/system/ping?id=6644a5c402f173b6441f84d5"},"category":"xhr","level":"info"},{"timestamp":"2025-05-01T07:50:00.145Z","type":"http","data":{"status_code":0.0,"method":"GET","url":"http://192.168.10.198/api/manager/system/ping?id=6644a5c402f173b6441f84d5"},"category":"xhr","level":"info"},{"timestamp":"2025-05-01T07:50:00.346Z","type":"http","data":{"status_code":0.0,"method":"GET","url":"https://192-168-10-198.homey.homeylocal.com/api/manager/system/ping?id=6644a5c402f173b6441f84d5"},"category":"xhr","level":"info"},{"timestamp":"2025-05-01T07:50:04.142Z","type":"http","data":{"status_code":0.0,"method":"GET","url":"https://6644a5c402f173b6441f84d5.homey.athom-prod-euwest1-001.homeypro.net/api/manager/system/ping?id=6644a5c402f173b6441f84d5"},"category":"xhr","level":"info"},{"timestamp":"2025-05-01T07:50:09.181Z","type":"http","data":{"status_code":0.0,"method":"GET","url":"http://homey-6644a5c402f173b6441f84d5.local/api/manager/system/ping?id=6644a5c402f173b6441f84d5"},"category":"xhr","level":"info"},{"timestamp":"2025-05-01T07:50:09.182Z","type":"http","data":{"status_code":0.0,"method":"GET","url":"http://192.168.10.198/api/manager/system/ping?id=6644a5c402f173b6441f84d5"},"category":"xhr","level":"info"},{"timestamp":"2025-05-01T07:50:10.377Z","type":"http","data":{"status_code":0.0,"method":"GET","url":"https://192-168-10-198.homey.homeylocal.com/api/manager/system/ping?id=6644a5c402f173b6441f84d5"},"category":"xhr","level":"info"},{"timestamp":"2025-05-01T07:50:14.186Z","type":"http","data":{"status_code":0.0,"method":"GET","url":"https://6644a5c402f173b6441f84d5.homey.athom-prod-euwest1-001.homeypro.net/api/manager/system/ping?id=6644a5c402f173b6441f84d5"},"category":"xhr","level":"info"},{"timestamp":"2025-05-01T07:50:19.213Z","type":"http","data":{"status_code":0.0,"method":"GET","url":"http://homey-6644a5c402f173b6441f84d5.local/api/manager/system/ping?id=6644a5c402f173b6441f84d5"},"category":"xhr","level":"info"},{"timestamp":"2025-05-01T07:50:19.215Z","type":"http","data":{"status_code":0.0,"method":"GET","url":"http://192.168.10.198/api/manager/system/ping?id=6644a5c402f173b6441f84d5"},"category":"xhr","level":"info"},{"timestamp":"2025-05-01T07:50:20.412Z","type":"http","data":{"status_code":0.0,"method":"GET","url":"https://192-168-10-198.homey.homeylocal.com/api/manager/system/ping?id=6644a5c402f173b6441f84d5"},"category":"xhr","level":"info"},{"timestamp":"2025-05-01T07:50:24.212Z","type":"http","data":{"status_code":0.0,"method":"GET","url":"https://6644a5c402f173b6441f84d5.homey.athom-prod-euwest1-001.homeypro.net/api/manager/system/ping?id=6644a5c402f173b6441f84d5"},"category":"xhr","level":"info"},{"timestamp":"2025-05-01T07:50:29.250Z","type":"http","data":{"status_code":0.0,"method":"GET","url":"http://homey-6644a5c402f173b6441f84d5.local/api/manager/system/ping?id=6644a5c402f173b6441f84d5"},"category":"xhr","level":"info"},{"timestamp":"2025-05-01T07:50:30.247Z","type":"http","data":{"status_code":0.0,"method":"GET","url":"http://192.168.10.198/api/manager/system/ping?id=6644a5c402f173b6441f84d5"},"category":"xhr","level":"info"},{"timestamp":"2025-05-01T07:50:30.444Z","type":"http","data":{"status_code":0.0,"method":"GET","url":"https://192-168-10-198.homey.homeylocal.com/api/manager/system/ping?id=6644a5c402f173b6441f84d5"},"category":"xhr","level":"info"},{"timestamp":"2025-05-01T07:50:34.243Z","type":"http","data":{"status_code":0.0,"method":"GET","url":"https://6644a5c402f173b6441f84d5.homey.athom-prod-euwest1-001.homeypro.net/api/manager/system/ping?id=6644a5c402f173b6441f84d5"},"category":"xhr","level":"info"},{"timestamp":"2025-05-01T07:50:39.277Z","type":"http","data":{"status_code":0.0,"method":"GET","url":"http://192.168.10.198/api/manager/system/ping?id=6644a5c402f173b6441f84d5"},"category":"xhr","level":"info"},{"timestamp":"2025-05-01T07:50:39.282Z","type":"http","data":{"status_code":0.0,"method":"GET","url":"http://homey-6644a5c402f173b6441f84d5.local/api/manager/system/ping?id=6644a5c402f173b6441f84d5"},"category":"xhr","level":"info"},{"timestamp":"2025-05-01T07:50:40.477Z","type":"http","data":{"status_code":0.0,"method":"GET","url":"https://192-168-10-198.homey.homeylocal.com/api/manager/system/ping?id=6644a5c402f173b6441f84d5"},"category":"xhr","level":"info"},{"timestamp":"2025-05-01T07:50:44.277Z","type":"http","data":{"status_code":0.0,"method":"GET","url":"https://6644a5c402f173b6441f84d5.homey.athom-prod-euwest1-001.homeypro.net/api/manager/system/ping?id=6644a5c402f173b6441f84d5"},"category":"xhr","level":"info"},{"timestamp":"2025-05-01T07:50:49.316Z","type":"http","data":{"status_code":0.0,"method":"GET","url":"http://homey-6644a5c402f173b6441f84d5.local/api/manager/system/ping?id=6644a5c402f173b6441f84d5"},"category":"xhr","level":"info"},{"timestamp":"2025-05-01T07:50:49.320Z","type":"http","data":{"status_code":0.0,"method":"GET","url":"http://192.168.10.198/api/manager/system/ping?id=6644a5c402f173b6441f84d5"},"category":"xhr","level":"info"},{"timestamp":"2025-05-01T07:50:49.321Z","type":"http","data":{"status_code":0.0,"method":"GET","url":"https://192-168-10-198.homey.homeylocal.com/api/manager/system/ping?id=6644a5c402f173b6441f84d5"},"category":"xhr","level":"info"},{"timestamp":"2025-05-01T07:50:54.310Z","type":"http","data":{"status_code":0.0,"method":"GET","url":"https://6644a5c402f173b6441f84d5.homey.athom-prod-euwest1-001.homeypro.net/api/manager/system/ping?id=6644a5c402f173b6441f84d5"},"category":"xhr","level":"info"},{"timestamp":"2025-05-01T07:50:59.348Z","type":"http","data":{"status_code":0.0,"method":"GET","url":"http://homey-6644a5c402f173b6441f84d5.local/api/manager/system/ping?id=6644a5c402f173b6441f84d5"},"category":"xhr","level":"info"},{"timestamp":"2025-05-01T07:51:00.341Z","type":"http","data":{"status_code":0.0,"method":"GET","url":"http://192.168.10.198/api/manager/system/ping?id=6644a5c402f173b6441f84d5"},"category":"xhr","level":"info"},{"timestamp":"2025-05-01T07:51:00.545Z","type":"http","data":{"status_code":0.0,"method":"GET","url":"https://192-168-10-198.homey.homeylocal.com/api/manager/system/ping?id=6644a5c402f173b6441f84d5"},"category":"xhr","level":"info"},{"timestamp":"2025-05-01T07:51:04.344Z","type":"http","data":{"status_code":0.0,"method":"GET","url":"https://6644a5c402f173b6441f84d5.homey.athom-prod-euwest1-001.homeypro.net/api/manager/system/ping?id=6644a5c402f173b6441f84d5"},"category":"xhr","level":"info"},{"timestamp":"2025-05-01T07:51:09.379Z","type":"http","data":{"status_code":0.0,"method":"GET","url":"http://homey-6644a5c402f173b6441f84d5.local/api/manager/system/ping?id=6644a5c402f173b6441f84d5"},"category":"xhr","level":"info"},{"timestamp":"2025-05-01T07:51:09.381Z","type":"http","data":{"status_code":0.0,"method":"GET","url":"http://192.168.10.198/api/manager/system/ping?id=6644a5c402f173b6441f84d5"},"category":"xhr","level":"info"},{"timestamp":"2025-05-01T07:51:10.576Z","type":"http","data":{"status_code":0.0,"method":"GET","url":"https://192-168-10-198.homey.homeylocal.com/api/manager/system/ping?id=6644a5c402f173b6441f84d5"},"category":"xhr","level":"info"},{"timestamp":"2025-05-01T07:51:14.375Z","type":"http","data":{"status_code":0.0,"method":"GET","url":"https://6644a5c402f173b6441f84d5.homey.athom-prod-euwest1-001.homeypro.net/api/manager/system/ping?id=6644a5c402f173b6441f84d5"},"category":"xhr","level":"info"},{"timestamp":"2025-05-01T07:51:19.408Z","type":"http","data":{"status_code":0.0,"method":"GET","url":"http://homey-6644a5c402f173b6441f84d5.local/api/manager/system/ping?id=6644a5c402f173b6441f84d5"},"category":"xhr","level":"info"},{"timestamp":"2025-05-01T07:51:19.412Z","type":"http","data":{"status_code":0.0,"method":"GET","url":"http://192.168.10.198/api/manager/system/ping?id=6644a5c402f173b6441f84d5"},"category":"xhr","level":"info"},{"timestamp":"2025-05-01T07:51:20.612Z","type":"http","data":{"status_code":0.0,"method":"GET","url":"https://192-168-10-198.homey.homeylocal.com/api/manager/system/ping?id=6644a5c402f173b6441f84d5"},"category":"xhr","level":"info"},{"timestamp":"2025-05-01T07:51:24.412Z","type":"http","data":{"status_code":0.0,"method":"GET","url":"https://6644a5c402f173b6441f84d5.homey.athom-prod-euwest1-001.homeypro.net/api/manager/system/ping?id=6644a5c402f173b6441f84d5"},"category":"xhr","level":"info"},{"timestamp":"2025-05-01T07:51:29.459Z","type":"http","data":{"status_code":0.0,"method":"GET","url":"http://homey-6644a5c402f173b6441f84d5.local/api/manager/system/ping?id=6644a5c402f173b6441f84d5"},"category":"xhr","level":"info"},{"timestamp":"2025-05-01T07:51:30.465Z","type":"http","data":{"status_code":0.0,"method":"GET","url":"http://192.168.10.198/api/manager/system/ping?id=6644a5c402f173b6441f84d5"},"category":"xhr","level":"info"},{"timestamp":"2025-05-01T07:51:30.662Z","type":"http","data":{"status_code":0.0,"method":"GET","url":"https://192-168-10-198.homey.homeylocal.com/api/manager/system/ping?id=6644a5c402f173b6441f84d5"},"category":"xhr","level":"info"},{"timestamp":"2025-05-01T07:51:34.464Z","type":"http","data":{"status_code":0.0,"method":"GET","url":"https://6644a5c402f173b6441f84d5.homey.athom-prod-euwest1-001.homeypro.net/api/manager/system/ping?id=6644a5c402f173b6441f84d5"},"category":"xhr","level":"info"},{"timestamp":"2025-05-01T07:51:39.491Z","type":"http","data":{"status_code":0.0,"method":"GET","url":"http://homey-6644a5c402f173b6441f84d5.local/api/manager/system/ping?id=6644a5c402f173b6441f84d5"},"category":"xhr","level":"info"},{"timestamp":"2025-05-01T07:51:39.503Z","type":"http","data":{"status_code":0.0,"method":"GET","url":"http://192.168.10.198/api/manager/system/ping?id=6644a5c402f173b6441f84d5"},"category":"xhr","level":"info"},{"timestamp":"2025-05-01T07:51:40.693Z","type":"http","data":{"status_code":0.0,"method":"GET","url":"https://192-168-10-198.homey.homeylocal.com/api/manager/system/ping?id=6644a5c402f173b6441f84d5"},"category":"xhr","level":"info"},{"timestamp":"2025-05-01T07:51:44.493Z","type":"http","data":{"status_code":0.0,"method":"GET","url":"https://6644a5c402f173b6441f84d5.homey.athom-prod-euwest1-001.homeypro.net/api/manager/system/ping?id=6644a5c402f173b6441f84d5"},"category":"xhr","level":"info"},{"timestamp":"2025-05-01T07:51:49.529Z","type":"http","data":{"status_code":0.0,"method":"GET","url":"http://homey-6644a5c402f173b6441f84d5.local/api/manager/system/ping?id=6644a5c402f173b6441f84d5"},"category":"xhr","level":"info"},{"timestamp":"2025-05-01T07:51:49.531Z","type":"http","data":{"status_code":0.0,"method":"GET","url":"http://192.168.10.198/api/manager/system/ping?id=6644a5c402f173b6441f84d5"},"category":"xhr","level":"info"},{"timestamp":"2025-05-01T07:51:50.725Z","type":"http","data":{"status_code":0.0,"method":"GET","url":"https://192-168-10-198.homey.homeylocal.com/api/manager/system/ping?id=6644a5c402f173b6441f84d5"},"category":"xhr","level":"info"},{"timestamp":"2025-05-01T07:51:54.526Z","type":"http","data":{"status_code":0.0,"method":"GET","url":"https://6644a5c402f173b6441f84d5.homey.athom-prod-euwest1-001.homeypro.net/api/manager/system/ping?id=6644a5c402f173b6441f84d5"},"category":"xhr","level":"info"}]