{"reduxState":"{\"settings\":{\"presenceDetection\":false,\"purchasingSubscription\":false,\"blePermissionAsked\":false,\"zoneRootCollapsed\":false,\"homeyNewAppBannerHidden\":false,\"bannerCount\":0,\"appearanceTheme\":\"default\",\"insightsResolution\":\"last7Days\",\"discoveryStrategies\":{},\"apiDebugging\":false,\"environmentAPI\":\"production\",\"environments\":{\"production\":{\"clientId\":\"56d8494cf8ea8fcd7952e711\",\"clientSecret\":\"mtO8PWd92XbAmrXqunStqKS351E3O8XXU3NpklTB\",\"debug\":false},\"test\":{\"baseUrl\":\"https://api.athom.dev\",\"clientId\":\"56d8494cf8ea8fcd7952e711\",\"clientSecret\":\"qTL8NhMeLHGLdgWto4RhukickYhy\",\"debug\":true},\"development\":{\"clientId\":\"56d8494cf8ea8fcd7952e711\",\"clientSecret\":\"homey-mobile-app\",\"debug\":true}},\"homeyVersion\":\"12.4.3\"},\"proSetup\":{\"sessionId\":null,\"installUpdates\":false,\"installedBackup\":null,\"state\":null,\"homeyId\":null,\"homeyVersion\":null},\"proBluFiSetup\":{\"sessionId\":null,\"state\":null,\"homeyId\":null,\"homeyVersion\":null},\"cloudSetup\":{\"setupState\":null,\"homeyId\":null},\"bridgeSetup\":{\"bleState\":\"off\",\"locationState\":false,\"state\":\"connection\",\"setupState\":\"startConnectionSetup\"},\"rating\":{\"firstInstallDate\":null,\"nextRatingRequestDate\":null,\"appUpdateInstallDate\":null,\"currentAppVersion\":null,\"lastAppVersionRequest\":null,\"numRatingsShown\":0},\"deepLink\":{},\"messages\":[],\"_persist\":{\"version\":5,\"rehydrated\":true}}"}