<?xml version='1.0' encoding='utf-8' standalone='yes' ?>
<map>
    <string name="bnc_app_store_source">bnc_no_value</string>
    <string name="bnc_link_click_identifier">bnc_no_value</string>
    <string name="bnc_push_identifier">bnc_no_value</string>
    <string name="skip_url_format_key">{&quot;version&quot;:1,&quot;uri_skip_list&quot;:[&quot;^fb\\d+:((?!campaign_ids).)*$&quot;,&quot;^li\\d+:&quot;,&quot;^pdk\\d+:&quot;,&quot;^twitterkit-.*:&quot;,&quot;^com\\.googleusercontent\\.apps\\.\\d+-.*:\\\/oauth&quot;,&quot;^(?i).+:.*[?].*\\b(password|o?auth|o?auth.?token|access|access.?token)\\b&quot;]}</string>
    <boolean name="bnc_tracking_state" value="true" />
    <string name="bnc_anon_id">c005c59f-febe-4419-8daf-b48d93b049a3</string>
    <string name="bnc_google_play_install_referrer_extras">bnc_no_value</string>
    <string name="bnc_initial_referrer">bnc_no_value</string>
    <boolean name="bnc_is_full_app_conversion" value="false" />
    <string name="bnc_app_link">bnc_no_value</string>
    <string name="bnc_link_click_id">bnc_no_value</string>
    <string name="bnc_external_intent_extra">bnc_no_value</string>
    <string name="bnc_referringUrlQueryParameters">bnc_no_value</string>
    <string name="bnc_app_version">8.2.2</string>
    <long name="bnc_last_known_update_time" value="1745081041421" />
    <string name="bnc_user_url">https://open.homey.app/a/key_live_ijHfa46arb21ey7WnxaptadgxsmBi5Q9?%24randomized_bundle_token=1442182077519996137</string>
    <string name="bnc_google_search_install_identifier">bnc_no_value</string>
    <string name="bnc_session_params">bnc_no_value</string>
    <long name="bnc_original_install_time" value="1745081041421" />
    <long name="bnc_previous_update_time" value="1745081041421" />
    <string name="bnc_branch_key">key_live_ijHfa46arb21ey7WnxaptadgxsmBi5Q9</string>
    <string name="bnc_session_id">bnc_no_value</string>
    <string name="bnc_install_referrer">bnc_no_value</string>
</map>
