<?xml version='1.0' encoding='utf-8' standalone='yes' ?>
<map>
    <boolean name="measurement_enabled_from_api" value="true" />
    <long name="last_upload" value="1746041267553" />
    <long name="first_open_time" value="1745081227972" />
    <string name="gmp_app_id">1:242805676949:android:359ba849358225c405f49c</string>
    <string name="app_instance_id">690d6768074514f235113dd0db938580</string>
    <long name="session_id" value="1746041257" />
    <boolean name="app_backgrounded" value="false" />
    <long name="health_monitor:start" value="1746008700703" />
    <boolean name="deferred_analytics_collection" value="false" />
    <long name="last_delete_stale" value="432202" />
    <string name="previous_os_version">15</string>
    <boolean name="measurement_enabled" value="true" />
    <boolean name="has_been_opened" value="true" />
    <string name="health_monitor:value">2WC74029:Service invalid</string>
    <boolean name="allow_remote_dynamite" value="true" />
    <long name="last_pause_time" value="1746041257253" />
    <long name="midnight_offset" value="55492147" />
    <boolean name="start_new_session" value="false" />
    <long name="health_monitor:count" value="7" />
    <long name="last_upload_attempt" value="0" />
</map>
