{"Fid":"dnE1Z0VHRO2Dob0i740NCa","Status":3,"AuthToken":"eyJhbGciOiJFUzI1NiIsInR5cCI6IkpXVCJ9.eyJhcHBJZCI6IjE6MjQyODA1Njc2OTQ5OmFuZHJvaWQ6MzU5YmE4NDkzNTgyMjVjNDA1ZjQ5YyIsImV4cCI6MTc0NjQwNTM2MiwiZmlkIjoiZG5FMVowVkhSTzJEb2IwaTc0ME5DYSIsInByb2plY3ROdW1iZXIiOjI0MjgwNTY3Njk0OX0.AB2LPV8wRQIhAMCVbiZYR4ANaX-axyExPkbLxgNhRhx_FRZ4cGSwoPL4AiBTZiOIW9gmUqdCMruSe6qfRRll_4QACl1hmPlZg_sX1g","RefreshToken":"3_AS3qfwKQZtV6veT1z9Iodr6ugL4UR-8lCNyEBs5vqHiHx7gnOJS0PqLrBe_6VFx-xvn3xhhU-wFdxu3TFoj_eB0zbuE62i3P5WzGLdO-na9TFkE","TokenCreationEpochInSecs":1745800562,"ExpiresInSecs":604800}