<?xml version='1.0' encoding='utf-8' standalone='yes' ?>
<map>
    <set name="fire-core/20.3.1 kotlin/1.8.22 android-installer/ fire-fcm/23.1.2 fire-analytics/21.2.0 device-model/emu64a fire-android/35 fire-installations/17.1.3 device-brand/Android react-native-firebase/15.7.1 device-name/sdk_phone64_arm64 android-platform/ android-min-sdk/21 fire-transport/18.1.7 android-target-sdk/34">
        <string>2025-04-29</string>
    </set>
    <string name="last-used-date">2025-04-30</string>
    <long name="fire-count" value="2" />
    <long name="fire-global" value="1745800557006" />
    <set name="fire-core/20.3.1 kotlin/1.8.22 android-installer/ fire-analytics/21.2.0 fire-fcm/23.1.2 device-model/emu64a fire-android/35 fire-installations/17.1.3 device-brand/Android react-native-firebase/15.7.1 device-name/sdk_phone64_arm64 android-platform/ android-min-sdk/21 fire-transport/18.1.7 android-target-sdk/34">
        <string>2025-04-30</string>
    </set>
</map>
